ID,Card Type Code,Card Type Full Name,Issuing Bank,Card Number,Card Holder's Name,Issue Date,Expiry Date,Billing Date,Card PIN,Credit Limit,Age,JobTitle,Additional Details
1,JC,Japan Credit Bureau,JCB,3562833988864905,Eric Hilton,05/2016,05/2022,20,3557,100000,34,Product Manager,AE07 5116 2679 6807 0695 934 jkocher0@163.com 904-386-0118 narod.ru Jerde:6221870781971978
2,JC,Japan Credit Bureau,JCB,3562833988864805,Fritz S Hillis,05/2016,05/2022,20,3557,137900,34,Product Manager,NO36 7396 1123 641 lvandermark1@sciencedirect.com 113-896-2055 discuz.net Vandervort:4865403576396863
3,VI,Visa,Barclays,4897500211521858,Joann Merrill,11/2015,11/2033,22,3964,72700,50,CEO,PS72 WWEG EXA7 FM9A WHVS Q82X 3JMX I enorthwood2@biglobe.ne.jp 765-840-8998 macromedia.com Herman:9005546296816126
4,VI,Visa,Bank of America,4601758078961321,Elvin Rochon,06/2011,06/2018,6,7993,157700,48,Software Engineer,SE53 2030 3666 1431 3053 5563 eoller3@comcast.net 998-191-6029 paginegialle.it Blick:0593118781425185
5,DC,Diners Club International,Diners Club,30218563944281,Rebecca V Larson,02/2017,02/2023,8,4536,175600,53,CIO,PL59 7051 7606 6161 0805 3106 2195 srippen4@wunderground.com 900-696-1070 engadget.com Marvin:1933720334677291
6,JC,Japan Credit Bureau,JCB,3537588813816261,Siobhan Riley,05/2010,05/2025,13,5891,52300,34,Vice President,FR31 1667 9983 44GJ Q6DE 95QC A93 ydouberday5@admin.ch 245-665-8772 utexas.edu Larkin:5027633560671452
7,AX,American Express,American Express,344934450023143,Erica Z Coffey,11/2011,11/2013,19,8244,96200,49,Software Engineer,CY17 6364 0408 R94U 6SZR WRMN IRCQ meddisforth6@jalbum.net 405-890-9418 vk.com Olson:4086778055446279
8,AX,American Express,American Express,344766908008924,Melissia P Cespedes,05/2016,05/2036,19,3808,74900,25,Software Engineer,DK94 5684 0375 9249 16 alockie7@cafepress.com 429-777-2984 geocities.com Ullrich:6970964913037943
9,AX,American Express,U.S. Bancorp,377112713389078,Ida K Rodriquez,01/2013,01/2014,26,3626,128200,28,Software Engineer,SM66 F707 6603 674T TVOZ PEEC GPU fharbidge8@sitemeter.com 151-160-3229 hc360.com Ferry:1021569328334332
10,JC,Japan Credit Bureau,JCB,3562210529953746,Tena F Bloomberg,02/2010,02/2017,24,1516,177800,59,CIO,LU03 927G TIQG 9NFB TSPA fabrahamovitz9@tiny.cc 527-625-4900 baidu.com Predovic:5503108611040390
11,DS,Discover,Discover,6447476775022825,Raymond Q Alford,05/2013,05/2020,16,5191,196600,21,Product Manager,FR06 8422 7103 55XH FYVZ 8CPG N32 agewera@shop-pro.jp 825-364-6131 eventbrite.com Renner:4124715062148717
12,VI,Visa,Chase,4489431351564660,Arlene V Marone,05/2011,05/2026,23,4003,100500,54,Vice President,MD40 TS85 SDRU JHUK HSTR ETUB csuttonb@pcworld.com 724-638-3885 mozilla.org Ullrich:2694077838319584
13,MC,Master Card,Capital One,5201679495241751,Troy S Wagner,03/2009,03/2015,3,2428,68700,31,CEO,AD30 2423 5013 V482 RPC0 VXWF rgagec@google.fr 950-385-2523 goo.gl Padberg:3539019919790976
14,JC,Japan Credit Bureau,JCB,3551302220788506,Sanda O Toon,01/2014,01/2016,13,9447,162300,50,CEO,NL67 VUQP 5063 5058 67 btippettd@dagondesign.com 859-722-6362 e-recht24.de Johns:4761174555641711
15,JC,Japan Credit Bureau,JCB,3529006944241622,Thomas N Cantrell,02/2007,02/2018,15,881,112400,35,Product Manager,NL93 MBWB 5017 1401 86 mburtwhistlee@bravesites.com 904-253-9841 cbsnews.com Hoeger:2202153686493054
16,DS,Discover,Discover,6454121696008905,Efrain D Rue,06/2013,06/2033,23,978,33500,48,Product Manager,MU35 LQLK 2863 7413 1114 1534 859J QL psurgenf@hugedomains.com 585-659-2819 friendfeed.com Mohr:6711559879988892
17,DS,Discover,Discover,6227769760508014,Laura W Franklin,02/2009,02/2021,19,1866,136100,28,Software Engineer,GE54 NV46 7670 5762 8381 97 mnorvillg@ameblo.jp 860-621-9660 wordpress.com Wunsch:3627109874993492
18,AX,American Express,American Express,372055424210742,Chang Kriner,04/2014,04/2015,14,2541,28400,50,Product Manager,FR55 1642 9003 83O4 H2OY PG5O F49 vhaddletonh@nature.com 746-559-2512 globo.com Weber:9410117140013252
19,VI,Visa,Bank of America,4219073021601139,Marjorie P Calhoun,03/2017,03/2034,13,9875,166900,38,CEO,CY98 3814 5179 HQXE RNFY I7PO QLKD freamani@cpanel.net 756-802-6416 arstechnica.com Simonis:9538848178492072
20,VI,Visa,Chase,4316313921390207,Erik I Tregre,11/2017,11/2036,11,1675,198400,41,Software Engineer,PT82 4253 7394 1660 4065 8565 5 aropertj@bing.com 577-868-7160 wikia.com Rippin:9361994332749615
21,VI,Visa,USAA,4019514423873794,Shawn G Soto,08/2016,08/2028,9,9241,34200,57,Product Manager,FR59 8477 5853 66V7 NERI DXFW N91 amidfordk@cnn.com 457-645-1487 noaa.gov Herman:1524196039577491
22,DS,Discover,Discover,6011264199906336,Kirby Story,07/2012,07/2022,19,4520,153500,23,Product Manager,CH86 3035 03QV KPSM FWZE I troullierl@cloudflare.com 779-719-4068 msn.com Mills:8163894535373142
23,JC,Japan Credit Bureau,JCB,3533938399094268,Paul R Pollard,06/2011,06/2029,17,4126,190800,21,Product Manager,DK45 1146 5935 7392 44 ksturrockm@photobucket.com 782-766-5808 si.edu Hartmann:3115290634202300
24,DS,Discover,Discover,6011075613094131,Mirian W Manke,06/2016,06/2035,27,857,117100,18,CIO,IS84 9960 9866 5510 6347 8010 84 ddizlien@aboutads.info 398-342-0108 cornell.edu Bernier:4285753865341133
25,DS,Discover,Discover,6228174587451663,Theodore Patterson,10/2008,10/2010,26,8387,163800,38,CEO,FR54 1378 4874 95SO JNNG 943K B20 klubbocko@wired.com 558-722-8749 unc.edu Heaney:7765802587315264
26,DC,Diners Club International,Diners Club,36241749462758,Archie K Henton,03/2013,03/2019,10,9508,155300,60,Product Manager,BG47 VWJM 5734 63EC 5RYG HS spettiforp@yandex.ru 869-175-6693 aol.com Harris:0953992850907877
27,DS,Discover,Discover,6228199831135176,Jon P Padilla,02/2013,02/2017,19,4388,12100,45,Product Manager,ME07 9856 0312 9630 3530 79 ncavanq@artisteer.com 307-447-8105 ocn.ne.jp Zboncak:8580007601825391
28,DC,Diners Club International,Diners Club,30307484758746,Seymour Fouch,04/2007,04/2013,19,6892,80300,31,Software Engineer,AL39 0414 8045 9RZP QILI TTWS JF0W nnuttenr@epa.gov 115-403-8203 theguardian.com Hessel:7462306996113621
29,VI,Visa,GE Capital,4502282534656326,Frederick D Ray,07/2010,07/2026,28,2325,140000,34,Vice President,BH60 EPGH RN2M C8ZG MTRK VH lknappitts@sphinn.com 772-469-9970 sohu.com Champlin:6173072601205655
30,AX,American Express,American Express,343990070762198,Twila Huffaker,07/2007,07/2010,16,4062,106900,23,Software Engineer,SM74 V296 8291 7307 U76K QFHM NHZ toldknowet@wikimedia.org 581-833-7258 ehow.com Bartoletti:8729794584661352
31,VI,Visa,Capital One,4294373923278053,Robert H Walton,05/2011,05/2029,1,4117,183500,18,Vice President,RO30 LGBA BKBI ARRR PADO D6CT gblethynu@google.com 729-283-0344 go.com Grady:8064194538419557
32,VI,Visa,Citibank,4633629996481712,Jillian D Motter,08/2010,08/2028,25,32,104600,48,CEO,FO89 5390 2098 4956 21 edartev@redcross.org 944-931-5929 fema.gov Waelchi:2219491408482119
33,AX,American Express,American Express,346131055348128,Frank D Cooley,06/2008,06/2028,20,8426,19300,55,Software Engineer,KW32 HCRK GU5G 3RV1 0MRP FB5Y ZINV GH bjeffryesw@umn.edu 717-695-4300 instagram.com Kub:5475513980004381
34,AX,American Express,American Express,377827267760529,Georgette Heck,10/2013,10/2028,19,1700,88500,44,Software Engineer,DO42 6KFF 2751 5674 4662 3022 7204 ageerdtsx@dot.gov 616-342-8127 zimbio.com Mante:2007298779625492
35,DC,Diners Club International,Diners Club,30958428208329,Victoria H Abbott,09/2011,09/2021,3,5882,96700,26,Vice President,IL43 3046 3457 4532 5030 548 btweedy@narod.ru 309-100-3945 jugem.jp Corwin:5164016718413041
36,AX,American Express,American Express,349223866798406,Rossie R Gasper,08/2015,08/2023,18,3195,78800,52,Software Engineer,FR50 9857 7919 65X6 DDOC KBSL V26 tstonestreetz@ftc.gov 118-193-4095 webmd.com Treutel:3577201393421811
37,VI,Visa,Chase,4017296606768668,Jesse Riggs,01/2008,01/2022,24,6059,53100,34,Software Engineer,LU91 597I NQ5T 3XNH GSWK rcarette10@creativecommons.org 216-637-8627 soundcloud.com Renner:8544941614533358
38,VI,Visa,Chase,4844764263298286,Aron U Loya,02/2015,02/2034,6,9936,166100,60,CIO,SM12 J965 7303 993T 4D1N C6UT DBA epargent11@google.ru 858-334-5604 hhs.gov Abbott:5856959655667084
39,JC,Japan Credit Bureau,JCB,3553852108491381,Emily Q Witt,11/2014,11/2021,1,271,135400,47,Product Manager,MT51 HVUB 2410 810D 4E8M FQAC EMBT EC5 kauty12@ft.com 505-271-6788 omniture.com Monahan:9030149327679857
40,DC,Diners Club International,Diners Club,30216705177174,Lyman Q Nease,01/2013,01/2026,21,5246,146200,28,Software Engineer,IE33 FPUF 1439 0199 4050 04 gbuckell13@state.gov 220-638-7503 shop-pro.jp Green:9545075555591496
41,DS,Discover,Discover,6527842431165048,Hazel Stafford,01/2011,01/2027,4,6754,108000,30,Product Manager,PS88 VRLV CWGX 4TOA 3VTY 8RQJ REFJ 1 browlstone14@google.com.hk 510-587-5840 utexas.edu Collins:5757754763344150
42,JC,Japan Credit Bureau,JCB,3560933398778652,Myung Q Baltimore,01/2017,01/2024,18,9806,38300,43,CEO,BG24 IEIC 8901 836A NYFI ZB aprobert15@seesaa.net 918-189-8036 jugem.jp Kshlerin:1306374363241131
43,DC,Diners Club International,Diners Club,30340155425105,Kelly K Gordon,09/2013,09/2027,21,7293,75000,42,CEO,FR38 6986 5471 09TB WWPF 4MRB 218 dleonards16@phpbb.com 608-701-9629 java.com Jacobs:0732241106281141
44,AX,American Express,American Express,341085301750468,Brant B Session,08/2013,08/2019,22,6779,185200,47,CEO,GI82 DREP XLTY DVBQ PRDK XSC adawtry17@wisc.edu 604-110-0915 google.fr Lesch:4334882834191052
45,JC,Japan Credit Bureau,JCB,3585174270399629,Cindy M Matthews,03/2014,03/2030,27,6854,85200,26,Product Manager,DK35 0949 7387 0874 24 sstreader18@samsung.com 923-826-2661 twitter.com West:4830240819736192
46,MC,Master Card,Capital One,5162556238022796,Vito W Haven,05/2007,05/2022,26,7906,61400,27,Software Engineer,BE87 5811 2843 8498 cgorstidge19@jalbum.net 201-935-1743 google.co.jp Mertz:8674831734014994
47,MC,Master Card,Citibank,5167195375583362,Sam P Fuller,11/2016,11/2030,2,290,189600,25,Vice President,FR44 6887 6385 75UX UGWF MTGC D53 kvanyarkin1a@cam.ac.uk 543-922-7173 issuu.com Bergnaum:3855072150220131
48,DC,Diners Club International,Diners Club,38239805170875,Benito Lafever,10/2011,10/2021,14,8398,97700,24,Vice President,LB55 8402 VGSC SMMT 4GCD LDOM MCCO apendrick1b@japanpost.jp 250-884-6492 mediafire.com Heathcote:0466698399557058
49,DC,Diners Club International,Diners Club,36010259768197,Douglas M Murray,02/2011,02/2020,26,2674,196300,43,Vice President,VG42 VLBF 0143 3613 0008 6765 divashinnikov1c@ebay.co.uk 433-447-2664 virginia.edu Heidenreich:3739421583802754